<?xml version="1.0" encoding="UTF-8"?>
<beans xmlns="http://www.springframework.org/schema/beans"
	xmlns:xsi="http://www.w3.org/2001/XMLSchema-instance" xmlns:context="http://www.springframework.org/schema/context"
	xmlns:security="http://www.springframework.org/schema/security"
	xsi:schemaLocation="http://www.springframework.org/schema/beans http://www.springframework.org/schema/beans/spring-beans.xsd
		http://www.springframework.org/schema/context http://www.springframework.org/schema/context/spring-context.xsd
		http://www.springframework.org/schema/security http://www.springframework.org/schema/security/spring-security.xsd">

	<security:http pattern="/login" security="none"/>
	
	<security:http use-expressions="true">
		<security:intercept-url pattern="/**" access="hasRole('USER')" />
		<security:form-login />
		<security:logout />
	</security:http>
	
	<security:authentication-manager>
		<security:authentication-provider>
			<security:user-service>
			 <security:user name="user" password="password" authorities="ROLE_USER"/>
			</security:user-service>
		</security:authentication-provider>	
	</security:authentication-manager>
</beans>
